Query	Duration	Returned rows	Test type	Number of Inserts
select * from test.measurement join test.server on test.measurement.msm_serv_id = test.server.serv_id join test.rack on test.rack.rack_id = test.server.serv_rack_id join test.center on test.center.cent_id = test.rack.rack_cent_id join test.city on test.city.city_id = test.center.cent_city_id where test.measurement.msm_value <80	0.291806	100000	Histogram 	1000000
select * from test.measurement join test.server on test.measurement.msm_serv_id = test.server.serv_id join test.rack on test.rack.rack_id = test.server.serv_rack_id join test.center on test.center.cent_id = test.rack.rack_cent_id join test.city on test.city.city_id = test.center.cent_city_id where test.measurement.msm_value <80	0.284477	100000	Histogram 	1000000
select * from test.measurement join test.server on test.measurement.msm_serv_id = test.server.serv_id join test.rack on test.rack.rack_id = test.server.serv_rack_id join test.center on test.center.cent_id = test.rack.rack_cent_id join test.city on test.city.city_id = test.center.cent_city_id where test.measurement.msm_value <80	0.289620	100000	Histogram 	1000000
select * from test.measurement join test.server on test.measurement.msm_serv_id = test.server.serv_id join test.rack on test.rack.rack_id = test.server.serv_rack_id join test.center on test.center.cent_id = test.rack.rack_cent_id join test.city on test.city.city_id = test.center.cent_city_id where test.measurement.msm_value <80	0.287850	100000	Histogram 	1000000
select * from test.measurement join test.server on test.measurement.msm_serv_id = test.server.serv_id join test.rack on test.rack.rack_id = test.server.serv_rack_id join test.center on test.center.cent_id = test.rack.rack_cent_id join test.city on test.city.city_id = test.center.cent_city_id where test.measurement.msm_value <80	0.290128	100000	Histogram 	1000000
select * from test.measurement join test.server on test.measurement.msm_serv_id = test.server.serv_id join test.rack on test.rack.rack_id = test.server.serv_rack_id join test.center on test.center.cent_id = test.rack.rack_cent_id join test.city on test.city.city_id = test.center.cent_city_id where test.measurement.msm_value <80	0.287333	100000	Histogram 	1000000
select * from test.measurement join test.server on test.measurement.msm_serv_id = test.server.serv_id join test.rack on test.rack.rack_id = test.server.serv_rack_id join test.center on test.center.cent_id = test.rack.rack_cent_id join test.city on test.city.city_id = test.center.cent_city_id where test.measurement.msm_value <80	0.287635	100000	Histogram 	1000000
select * from test.measurement join test.server on test.measurement.msm_serv_id = test.server.serv_id join test.rack on test.rack.rack_id = test.server.serv_rack_id join test.center on test.center.cent_id = test.rack.rack_cent_id join test.city on test.city.city_id = test.center.cent_city_id where test.measurement.msm_value <80	0.291041	100000	Histogram 	1000000
select * from test.measurement join test.server on test.measurement.msm_serv_id = test.server.serv_id join test.rack on test.rack.rack_id = test.server.serv_rack_id join test.center on test.center.cent_id = test.rack.rack_cent_id join test.city on test.city.city_id = test.center.cent_city_id where test.measurement.msm_value <80	0.288774	100000	Histogram 	1000000
select * from test.measurement join test.server on test.measurement.msm_serv_id = test.server.serv_id join test.rack on test.rack.rack_id = test.server.serv_rack_id join test.center on test.center.cent_id = test.rack.rack_cent_id join test.city on test.city.city_id = test.center.cent_city_id where test.measurement.msm_value <90	0.290477	100000	Histogram 	1000000
select * from test.measurement join test.server on test.measurement.msm_serv_id = test.server.serv_id join test.rack on test.rack.rack_id = test.server.serv_rack_id join test.center on test.center.cent_id = test.rack.rack_cent_id join test.city on test.city.city_id = test.center.cent_city_id where test.measurement.msm_value <90	0.284010	100000	Histogram 	1000000
select * from test.measurement join test.server on test.measurement.msm_serv_id = test.server.serv_id join test.rack on test.rack.rack_id = test.server.serv_rack_id join test.center on test.center.cent_id = test.rack.rack_cent_id join test.city on test.city.city_id = test.center.cent_city_id where test.measurement.msm_value <90	0.298260	100000	Histogram 	1000000
select * from test.measurement join test.server on test.measurement.msm_serv_id = test.server.serv_id join test.rack on test.rack.rack_id = test.server.serv_rack_id join test.center on test.center.cent_id = test.rack.rack_cent_id join test.city on test.city.city_id = test.center.cent_city_id where test.measurement.msm_value <90	0.288179	100000	Histogram 	1000000
select * from test.measurement join test.server on test.measurement.msm_serv_id = test.server.serv_id join test.rack on test.rack.rack_id = test.server.serv_rack_id join test.center on test.center.cent_id = test.rack.rack_cent_id join test.city on test.city.city_id = test.center.cent_city_id where test.measurement.msm_value <90	0.289487	100000	Histogram 	1000000
select * from test.measurement join test.server on test.measurement.msm_serv_id = test.server.serv_id join test.rack on test.rack.rack_id = test.server.serv_rack_id join test.center on test.center.cent_id = test.rack.rack_cent_id join test.city on test.city.city_id = test.center.cent_city_id where test.measurement.msm_value <90	0.297681	100000	Histogram 	1000000
select * from test.measurement join test.server on test.measurement.msm_serv_id = test.server.serv_id join test.rack on test.rack.rack_id = test.server.serv_rack_id join test.center on test.center.cent_id = test.rack.rack_cent_id join test.city on test.city.city_id = test.center.cent_city_id where test.measurement.msm_value <90	0.288905	100000	Histogram 	1000000
select * from test.measurement join test.server on test.measurement.msm_serv_id = test.server.serv_id join test.rack on test.rack.rack_id = test.server.serv_rack_id join test.center on test.center.cent_id = test.rack.rack_cent_id join test.city on test.city.city_id = test.center.cent_city_id where test.measurement.msm_value <90	0.283857	100000	Histogram 	1000000
select * from test.measurement join test.server on test.measurement.msm_serv_id = test.server.serv_id join test.rack on test.rack.rack_id = test.server.serv_rack_id join test.center on test.center.cent_id = test.rack.rack_cent_id join test.city on test.city.city_id = test.center.cent_city_id where test.measurement.msm_value <90	0.287983	100000	Histogram 	1000000
select * from test.measurement join test.server on test.measurement.msm_serv_id = test.server.serv_id join test.rack on test.rack.rack_id = test.server.serv_rack_id join test.center on test.center.cent_id = test.rack.rack_cent_id join test.city on test.city.city_id = test.center.cent_city_id where test.measurement.msm_value >80	0.019000	0	Histogram 	1000000
select * from test.measurement join test.server on test.measurement.msm_serv_id = test.server.serv_id join test.rack on test.rack.rack_id = test.server.serv_rack_id join test.center on test.center.cent_id = test.rack.rack_cent_id join test.city on test.city.city_id = test.center.cent_city_id where test.measurement.msm_value >80	0.019020	0	Histogram 	1000000
select * from test.measurement join test.server on test.measurement.msm_serv_id = test.server.serv_id join test.rack on test.rack.rack_id = test.server.serv_rack_id join test.center on test.center.cent_id = test.rack.rack_cent_id join test.city on test.city.city_id = test.center.cent_city_id where test.measurement.msm_value >80	0.019168	0	Histogram 	1000000
select * from test.measurement join test.server on test.measurement.msm_serv_id = test.server.serv_id join test.rack on test.rack.rack_id = test.server.serv_rack_id join test.center on test.center.cent_id = test.rack.rack_cent_id join test.city on test.city.city_id = test.center.cent_city_id where test.measurement.msm_value >80	0.019063	0	Histogram 	1000000
select * from test.measurement join test.server on test.measurement.msm_serv_id = test.server.serv_id join test.rack on test.rack.rack_id = test.server.serv_rack_id join test.center on test.center.cent_id = test.rack.rack_cent_id join test.city on test.city.city_id = test.center.cent_city_id where test.measurement.msm_value >80	0.019068	0	Histogram 	1000000
select * from test.measurement join test.server on test.measurement.msm_serv_id = test.server.serv_id join test.rack on test.rack.rack_id = test.server.serv_rack_id join test.center on test.center.cent_id = test.rack.rack_cent_id join test.city on test.city.city_id = test.center.cent_city_id where test.measurement.msm_value >80	0.019098	0	Histogram 	1000000
select * from test.measurement join test.server on test.measurement.msm_serv_id = test.server.serv_id join test.rack on test.rack.rack_id = test.server.serv_rack_id join test.center on test.center.cent_id = test.rack.rack_cent_id join test.city on test.city.city_id = test.center.cent_city_id where test.measurement.msm_value >80	0.018985	0	Histogram 	1000000
select * from test.measurement join test.server on test.measurement.msm_serv_id = test.server.serv_id join test.rack on test.rack.rack_id = test.server.serv_rack_id join test.center on test.center.cent_id = test.rack.rack_cent_id join test.city on test.city.city_id = test.center.cent_city_id where test.measurement.msm_value >80	0.019131	0	Histogram 	1000000
select * from test.measurement join test.server on test.measurement.msm_serv_id = test.server.serv_id join test.rack on test.rack.rack_id = test.server.serv_rack_id join test.center on test.center.cent_id = test.rack.rack_cent_id join test.city on test.city.city_id = test.center.cent_city_id where test.measurement.msm_value >80	0.019957	0	Histogram 	1000000
select * from test.measurement join test.server on test.measurement.msm_serv_id = test.server.serv_id join test.rack on test.rack.rack_id = test.server.serv_rack_id join test.center on test.center.cent_id = test.rack.rack_cent_id join test.city on test.city.city_id = test.center.cent_city_id where test.measurement.msm_value >90	0.019160	0	Histogram 	1000000
select * from test.measurement join test.server on test.measurement.msm_serv_id = test.server.serv_id join test.rack on test.rack.rack_id = test.server.serv_rack_id join test.center on test.center.cent_id = test.rack.rack_cent_id join test.city on test.city.city_id = test.center.cent_city_id where test.measurement.msm_value >90	0.019104	0	Histogram 	1000000
select * from test.measurement join test.server on test.measurement.msm_serv_id = test.server.serv_id join test.rack on test.rack.rack_id = test.server.serv_rack_id join test.center on test.center.cent_id = test.rack.rack_cent_id join test.city on test.city.city_id = test.center.cent_city_id where test.measurement.msm_value >90	0.019133	0	Histogram 	1000000
select * from test.measurement join test.server on test.measurement.msm_serv_id = test.server.serv_id join test.rack on test.rack.rack_id = test.server.serv_rack_id join test.center on test.center.cent_id = test.rack.rack_cent_id join test.city on test.city.city_id = test.center.cent_city_id where test.measurement.msm_value >90	0.019095	0	Histogram 	1000000
select * from test.measurement join test.server on test.measurement.msm_serv_id = test.server.serv_id join test.rack on test.rack.rack_id = test.server.serv_rack_id join test.center on test.center.cent_id = test.rack.rack_cent_id join test.city on test.city.city_id = test.center.cent_city_id where test.measurement.msm_value >90	0.019089	0	Histogram 	1000000
select * from test.measurement join test.server on test.measurement.msm_serv_id = test.server.serv_id join test.rack on test.rack.rack_id = test.server.serv_rack_id join test.center on test.center.cent_id = test.rack.rack_cent_id join test.city on test.city.city_id = test.center.cent_city_id where test.measurement.msm_value >90	0.019124	0	Histogram 	1000000
select * from test.measurement join test.server on test.measurement.msm_serv_id = test.server.serv_id join test.rack on test.rack.rack_id = test.server.serv_rack_id join test.center on test.center.cent_id = test.rack.rack_cent_id join test.city on test.city.city_id = test.center.cent_city_id where test.measurement.msm_value >90	0.019340	0	Histogram 	1000000
select * from test.measurement join test.server on test.measurement.msm_serv_id = test.server.serv_id join test.rack on test.rack.rack_id = test.server.serv_rack_id join test.center on test.center.cent_id = test.rack.rack_cent_id join test.city on test.city.city_id = test.center.cent_city_id where test.measurement.msm_value >90	0.019239	0	Histogram 	1000000
select * from test.measurement join test.server on test.measurement.msm_serv_id = test.server.serv_id join test.rack on test.rack.rack_id = test.server.serv_rack_id join test.center on test.center.cent_id = test.rack.rack_cent_id join test.city on test.city.city_id = test.center.cent_city_id where test.measurement.msm_value >90	0.019158	0	Histogram 	1000000
select * from test.measurement join test.server on test.measurement.msm_serv_id = test.server.serv_id join test.rack on test.rack.rack_id = test.server.serv_rack_id join test.center on test.center.cent_id = test.rack.rack_cent_id join test.city on test.city.city_id = test.center.cent_city_id where test.measurement.msm_value between 80 and 100	0.021062	0	Histogram 	1000000
select * from test.measurement join test.server on test.measurement.msm_serv_id = test.server.serv_id join test.rack on test.rack.rack_id = test.server.serv_rack_id join test.center on test.center.cent_id = test.rack.rack_cent_id join test.city on test.city.city_id = test.center.cent_city_id where test.measurement.msm_value between 80 and 100	0.020127	0	Histogram 	1000000
select * from test.measurement join test.server on test.measurement.msm_serv_id = test.server.serv_id join test.rack on test.rack.rack_id = test.server.serv_rack_id join test.center on test.center.cent_id = test.rack.rack_cent_id join test.city on test.city.city_id = test.center.cent_city_id where test.measurement.msm_value between 80 and 100	0.020066	0	Histogram 	1000000
select * from test.measurement join test.server on test.measurement.msm_serv_id = test.server.serv_id join test.rack on test.rack.rack_id = test.server.serv_rack_id join test.center on test.center.cent_id = test.rack.rack_cent_id join test.city on test.city.city_id = test.center.cent_city_id where test.measurement.msm_value between 80 and 100	0.020944	0	Histogram 	1000000
select * from test.measurement join test.server on test.measurement.msm_serv_id = test.server.serv_id join test.rack on test.rack.rack_id = test.server.serv_rack_id join test.center on test.center.cent_id = test.rack.rack_cent_id join test.city on test.city.city_id = test.center.cent_city_id where test.measurement.msm_value between 80 and 100	0.020225	0	Histogram 	1000000
select * from test.measurement join test.server on test.measurement.msm_serv_id = test.server.serv_id join test.rack on test.rack.rack_id = test.server.serv_rack_id join test.center on test.center.cent_id = test.rack.rack_cent_id join test.city on test.city.city_id = test.center.cent_city_id where test.measurement.msm_value between 80 and 100	0.020289	0	Histogram 	1000000
select * from test.measurement join test.server on test.measurement.msm_serv_id = test.server.serv_id join test.rack on test.rack.rack_id = test.server.serv_rack_id join test.center on test.center.cent_id = test.rack.rack_cent_id join test.city on test.city.city_id = test.center.cent_city_id where test.measurement.msm_value between 80 and 100	0.021711	0	Histogram 	1000000
select * from test.measurement join test.server on test.measurement.msm_serv_id = test.server.serv_id join test.rack on test.rack.rack_id = test.server.serv_rack_id join test.center on test.center.cent_id = test.rack.rack_cent_id join test.city on test.city.city_id = test.center.cent_city_id where test.measurement.msm_value between 80 and 100	0.020142	0	Histogram 	1000000
select * from test.measurement join test.server on test.measurement.msm_serv_id = test.server.serv_id join test.rack on test.rack.rack_id = test.server.serv_rack_id join test.center on test.center.cent_id = test.rack.rack_cent_id join test.city on test.city.city_id = test.center.cent_city_id where test.measurement.msm_value between 80 and 100	0.020752	0	Histogram 	1000000
select * from test.measurement join test.server on test.measurement.msm_serv_id = test.server.serv_id join test.rack on test.rack.rack_id = test.server.serv_rack_id join test.center on test.center.cent_id = test.rack.rack_cent_id join test.city on test.city.city_id = test.center.cent_city_id where test.measurement.msm_value between 90 and 100	0.020100	0	Histogram 	1000000
select * from test.measurement join test.server on test.measurement.msm_serv_id = test.server.serv_id join test.rack on test.rack.rack_id = test.server.serv_rack_id join test.center on test.center.cent_id = test.rack.rack_cent_id join test.city on test.city.city_id = test.center.cent_city_id where test.measurement.msm_value between 90 and 100	0.021646	0	Histogram 	1000000
select * from test.measurement join test.server on test.measurement.msm_serv_id = test.server.serv_id join test.rack on test.rack.rack_id = test.server.serv_rack_id join test.center on test.center.cent_id = test.rack.rack_cent_id join test.city on test.city.city_id = test.center.cent_city_id where test.measurement.msm_value between 90 and 100	0.020144	0	Histogram 	1000000
select * from test.measurement join test.server on test.measurement.msm_serv_id = test.server.serv_id join test.rack on test.rack.rack_id = test.server.serv_rack_id join test.center on test.center.cent_id = test.rack.rack_cent_id join test.city on test.city.city_id = test.center.cent_city_id where test.measurement.msm_value between 90 and 100	0.020590	0	Histogram 	1000000
select * from test.measurement join test.server on test.measurement.msm_serv_id = test.server.serv_id join test.rack on test.rack.rack_id = test.server.serv_rack_id join test.center on test.center.cent_id = test.rack.rack_cent_id join test.city on test.city.city_id = test.center.cent_city_id where test.measurement.msm_value between 90 and 100	0.020114	0	Histogram 	1000000
select * from test.measurement join test.server on test.measurement.msm_serv_id = test.server.serv_id join test.rack on test.rack.rack_id = test.server.serv_rack_id join test.center on test.center.cent_id = test.rack.rack_cent_id join test.city on test.city.city_id = test.center.cent_city_id where test.measurement.msm_value between 90 and 100	0.021849	0	Histogram 	1000000
select * from test.measurement join test.server on test.measurement.msm_serv_id = test.server.serv_id join test.rack on test.rack.rack_id = test.server.serv_rack_id join test.center on test.center.cent_id = test.rack.rack_cent_id join test.city on test.city.city_id = test.center.cent_city_id where test.measurement.msm_value between 90 and 100	0.020267	0	Histogram 	1000000
select * from test.measurement join test.server on test.measurement.msm_serv_id = test.server.serv_id join test.rack on test.rack.rack_id = test.server.serv_rack_id join test.center on test.center.cent_id = test.rack.rack_cent_id join test.city on test.city.city_id = test.center.cent_city_id where test.measurement.msm_value between 90 and 100	0.020133	0	Histogram 	1000000
select * from test.measurement join test.server on test.measurement.msm_serv_id = test.server.serv_id join test.rack on test.rack.rack_id = test.server.serv_rack_id join test.center on test.center.cent_id = test.rack.rack_cent_id join test.city on test.city.city_id = test.center.cent_city_id where test.measurement.msm_value between 90 and 100	0.020393	0	Histogram 	1000000
select * from test.measurement join test.server on test.measurement.msm_serv_id = test.server.serv_id join test.rack on test.rack.rack_id = test.server.serv_rack_id join test.center on test.center.cent_id = test.rack.rack_cent_id where test.measurement.msm_value <80	0.256939	100000	Histogram 	1000000
select * from test.measurement join test.server on test.measurement.msm_serv_id = test.server.serv_id join test.rack on test.rack.rack_id = test.server.serv_rack_id join test.center on test.center.cent_id = test.rack.rack_cent_id where test.measurement.msm_value <80	0.256591	100000	Histogram 	1000000
select * from test.measurement join test.server on test.measurement.msm_serv_id = test.server.serv_id join test.rack on test.rack.rack_id = test.server.serv_rack_id join test.center on test.center.cent_id = test.rack.rack_cent_id where test.measurement.msm_value <80	0.264196	100000	Histogram 	1000000
select * from test.measurement join test.server on test.measurement.msm_serv_id = test.server.serv_id join test.rack on test.rack.rack_id = test.server.serv_rack_id join test.center on test.center.cent_id = test.rack.rack_cent_id where test.measurement.msm_value <80	0.263089	100000	Histogram 	1000000
select * from test.measurement join test.server on test.measurement.msm_serv_id = test.server.serv_id join test.rack on test.rack.rack_id = test.server.serv_rack_id join test.center on test.center.cent_id = test.rack.rack_cent_id where test.measurement.msm_value <80	0.259359	100000	Histogram 	1000000
select * from test.measurement join test.server on test.measurement.msm_serv_id = test.server.serv_id join test.rack on test.rack.rack_id = test.server.serv_rack_id join test.center on test.center.cent_id = test.rack.rack_cent_id where test.measurement.msm_value <80	0.259342	100000	Histogram 	1000000
select * from test.measurement join test.server on test.measurement.msm_serv_id = test.server.serv_id join test.rack on test.rack.rack_id = test.server.serv_rack_id join test.center on test.center.cent_id = test.rack.rack_cent_id where test.measurement.msm_value <80	0.256349	100000	Histogram 	1000000
select * from test.measurement join test.server on test.measurement.msm_serv_id = test.server.serv_id join test.rack on test.rack.rack_id = test.server.serv_rack_id join test.center on test.center.cent_id = test.rack.rack_cent_id where test.measurement.msm_value <80	0.262048	100000	Histogram 	1000000
select * from test.measurement join test.server on test.measurement.msm_serv_id = test.server.serv_id join test.rack on test.rack.rack_id = test.server.serv_rack_id join test.center on test.center.cent_id = test.rack.rack_cent_id where test.measurement.msm_value <80	0.259845	100000	Histogram 	1000000
select * from test.measurement join test.server on test.measurement.msm_serv_id = test.server.serv_id join test.rack on test.rack.rack_id = test.server.serv_rack_id join test.center on test.center.cent_id = test.rack.rack_cent_id where test.measurement.msm_value <90	0.255136	100000	Histogram 	1000000
select * from test.measurement join test.server on test.measurement.msm_serv_id = test.server.serv_id join test.rack on test.rack.rack_id = test.server.serv_rack_id join test.center on test.center.cent_id = test.rack.rack_cent_id where test.measurement.msm_value <90	0.262578	100000	Histogram 	1000000
select * from test.measurement join test.server on test.measurement.msm_serv_id = test.server.serv_id join test.rack on test.rack.rack_id = test.server.serv_rack_id join test.center on test.center.cent_id = test.rack.rack_cent_id where test.measurement.msm_value <90	0.264760	100000	Histogram 	1000000
select * from test.measurement join test.server on test.measurement.msm_serv_id = test.server.serv_id join test.rack on test.rack.rack_id = test.server.serv_rack_id join test.center on test.center.cent_id = test.rack.rack_cent_id where test.measurement.msm_value <90	0.255723	100000	Histogram 	1000000
select * from test.measurement join test.server on test.measurement.msm_serv_id = test.server.serv_id join test.rack on test.rack.rack_id = test.server.serv_rack_id join test.center on test.center.cent_id = test.rack.rack_cent_id where test.measurement.msm_value <90	0.254914	100000	Histogram 	1000000
select * from test.measurement join test.server on test.measurement.msm_serv_id = test.server.serv_id join test.rack on test.rack.rack_id = test.server.serv_rack_id join test.center on test.center.cent_id = test.rack.rack_cent_id where test.measurement.msm_value <90	0.259105	100000	Histogram 	1000000
select * from test.measurement join test.server on test.measurement.msm_serv_id = test.server.serv_id join test.rack on test.rack.rack_id = test.server.serv_rack_id join test.center on test.center.cent_id = test.rack.rack_cent_id where test.measurement.msm_value <90	0.256885	100000	Histogram 	1000000
select * from test.measurement join test.server on test.measurement.msm_serv_id = test.server.serv_id join test.rack on test.rack.rack_id = test.server.serv_rack_id join test.center on test.center.cent_id = test.rack.rack_cent_id where test.measurement.msm_value <90	0.259498	100000	Histogram 	1000000
select * from test.measurement join test.server on test.measurement.msm_serv_id = test.server.serv_id join test.rack on test.rack.rack_id = test.server.serv_rack_id join test.center on test.center.cent_id = test.rack.rack_cent_id where test.measurement.msm_value <90	0.260605	100000	Histogram 	1000000
select * from test.measurement join test.server on test.measurement.msm_serv_id = test.server.serv_id join test.rack on test.rack.rack_id = test.server.serv_rack_id join test.center on test.center.cent_id = test.rack.rack_cent_id where test.measurement.msm_value >80	0.019049	0	Histogram 	1000000
select * from test.measurement join test.server on test.measurement.msm_serv_id = test.server.serv_id join test.rack on test.rack.rack_id = test.server.serv_rack_id join test.center on test.center.cent_id = test.rack.rack_cent_id where test.measurement.msm_value >80	0.019087	0	Histogram 	1000000
select * from test.measurement join test.server on test.measurement.msm_serv_id = test.server.serv_id join test.rack on test.rack.rack_id = test.server.serv_rack_id join test.center on test.center.cent_id = test.rack.rack_cent_id where test.measurement.msm_value >80	0.019040	0	Histogram 	1000000
select * from test.measurement join test.server on test.measurement.msm_serv_id = test.server.serv_id join test.rack on test.rack.rack_id = test.server.serv_rack_id join test.center on test.center.cent_id = test.rack.rack_cent_id where test.measurement.msm_value >80	0.019600	0	Histogram 	1000000
select * from test.measurement join test.server on test.measurement.msm_serv_id = test.server.serv_id join test.rack on test.rack.rack_id = test.server.serv_rack_id join test.center on test.center.cent_id = test.rack.rack_cent_id where test.measurement.msm_value >80	0.019665	0	Histogram 	1000000
select * from test.measurement join test.server on test.measurement.msm_serv_id = test.server.serv_id join test.rack on test.rack.rack_id = test.server.serv_rack_id join test.center on test.center.cent_id = test.rack.rack_cent_id where test.measurement.msm_value >80	0.019324	0	Histogram 	1000000
select * from test.measurement join test.server on test.measurement.msm_serv_id = test.server.serv_id join test.rack on test.rack.rack_id = test.server.serv_rack_id join test.center on test.center.cent_id = test.rack.rack_cent_id where test.measurement.msm_value >80	0.020292	0	Histogram 	1000000
select * from test.measurement join test.server on test.measurement.msm_serv_id = test.server.serv_id join test.rack on test.rack.rack_id = test.server.serv_rack_id join test.center on test.center.cent_id = test.rack.rack_cent_id where test.measurement.msm_value >80	0.019045	0	Histogram 	1000000
select * from test.measurement join test.server on test.measurement.msm_serv_id = test.server.serv_id join test.rack on test.rack.rack_id = test.server.serv_rack_id join test.center on test.center.cent_id = test.rack.rack_cent_id where test.measurement.msm_value >80	0.019225	0	Histogram 	1000000
select * from test.measurement join test.server on test.measurement.msm_serv_id = test.server.serv_id join test.rack on test.rack.rack_id = test.server.serv_rack_id join test.center on test.center.cent_id = test.rack.rack_cent_id where test.measurement.msm_value >90	0.019196	0	Histogram 	1000000
select * from test.measurement join test.server on test.measurement.msm_serv_id = test.server.serv_id join test.rack on test.rack.rack_id = test.server.serv_rack_id join test.center on test.center.cent_id = test.rack.rack_cent_id where test.measurement.msm_value >90	0.020464	0	Histogram 	1000000
select * from test.measurement join test.server on test.measurement.msm_serv_id = test.server.serv_id join test.rack on test.rack.rack_id = test.server.serv_rack_id join test.center on test.center.cent_id = test.rack.rack_cent_id where test.measurement.msm_value >90	0.019163	0	Histogram 	1000000
select * from test.measurement join test.server on test.measurement.msm_serv_id = test.server.serv_id join test.rack on test.rack.rack_id = test.server.serv_rack_id join test.center on test.center.cent_id = test.rack.rack_cent_id where test.measurement.msm_value >90	0.020819	0	Histogram 	1000000
select * from test.measurement join test.server on test.measurement.msm_serv_id = test.server.serv_id join test.rack on test.rack.rack_id = test.server.serv_rack_id join test.center on test.center.cent_id = test.rack.rack_cent_id where test.measurement.msm_value >90	0.019062	0	Histogram 	1000000
select * from test.measurement join test.server on test.measurement.msm_serv_id = test.server.serv_id join test.rack on test.rack.rack_id = test.server.serv_rack_id join test.center on test.center.cent_id = test.rack.rack_cent_id where test.measurement.msm_value >90	0.019205	0	Histogram 	1000000
select * from test.measurement join test.server on test.measurement.msm_serv_id = test.server.serv_id join test.rack on test.rack.rack_id = test.server.serv_rack_id join test.center on test.center.cent_id = test.rack.rack_cent_id where test.measurement.msm_value >90	0.019343	0	Histogram 	1000000
select * from test.measurement join test.server on test.measurement.msm_serv_id = test.server.serv_id join test.rack on test.rack.rack_id = test.server.serv_rack_id join test.center on test.center.cent_id = test.rack.rack_cent_id where test.measurement.msm_value >90	0.019142	0	Histogram 	1000000
select * from test.measurement join test.server on test.measurement.msm_serv_id = test.server.serv_id join test.rack on test.rack.rack_id = test.server.serv_rack_id join test.center on test.center.cent_id = test.rack.rack_cent_id where test.measurement.msm_value >90	0.019325	0	Histogram 	1000000
select * from test.measurement join test.server on test.measurement.msm_serv_id = test.server.serv_id join test.rack on test.rack.rack_id = test.server.serv_rack_id join test.center on test.center.cent_id = test.rack.rack_cent_id where test.measurement.msm_value between 80 and 100	0.020398	0	Histogram 	1000000
select * from test.measurement join test.server on test.measurement.msm_serv_id = test.server.serv_id join test.rack on test.rack.rack_id = test.server.serv_rack_id join test.center on test.center.cent_id = test.rack.rack_cent_id where test.measurement.msm_value between 80 and 100	0.020619	0	Histogram 	1000000
select * from test.measurement join test.server on test.measurement.msm_serv_id = test.server.serv_id join test.rack on test.rack.rack_id = test.server.serv_rack_id join test.center on test.center.cent_id = test.rack.rack_cent_id where test.measurement.msm_value between 80 and 100	0.020875	0	Histogram 	1000000
select * from test.measurement join test.server on test.measurement.msm_serv_id = test.server.serv_id join test.rack on test.rack.rack_id = test.server.serv_rack_id join test.center on test.center.cent_id = test.rack.rack_cent_id where test.measurement.msm_value between 80 and 100	0.020902	0	Histogram 	1000000
select * from test.measurement join test.server on test.measurement.msm_serv_id = test.server.serv_id join test.rack on test.rack.rack_id = test.server.serv_rack_id join test.center on test.center.cent_id = test.rack.rack_cent_id where test.measurement.msm_value between 80 and 100	0.020314	0	Histogram 	1000000
select * from test.measurement join test.server on test.measurement.msm_serv_id = test.server.serv_id join test.rack on test.rack.rack_id = test.server.serv_rack_id join test.center on test.center.cent_id = test.rack.rack_cent_id where test.measurement.msm_value between 80 and 100	0.020260	0	Histogram 	1000000
select * from test.measurement join test.server on test.measurement.msm_serv_id = test.server.serv_id join test.rack on test.rack.rack_id = test.server.serv_rack_id join test.center on test.center.cent_id = test.rack.rack_cent_id where test.measurement.msm_value between 80 and 100	0.020742	0	Histogram 	1000000
select * from test.measurement join test.server on test.measurement.msm_serv_id = test.server.serv_id join test.rack on test.rack.rack_id = test.server.serv_rack_id join test.center on test.center.cent_id = test.rack.rack_cent_id where test.measurement.msm_value between 80 and 100	0.020443	0	Histogram 	1000000
select * from test.measurement join test.server on test.measurement.msm_serv_id = test.server.serv_id join test.rack on test.rack.rack_id = test.server.serv_rack_id join test.center on test.center.cent_id = test.rack.rack_cent_id where test.measurement.msm_value between 80 and 100	0.020327	0	Histogram 	1000000
select * from test.measurement join test.server on test.measurement.msm_serv_id = test.server.serv_id join test.rack on test.rack.rack_id = test.server.serv_rack_id join test.center on test.center.cent_id = test.rack.rack_cent_id where test.measurement.msm_value between 90 and 100	0.020114	0	Histogram 	1000000
select * from test.measurement join test.server on test.measurement.msm_serv_id = test.server.serv_id join test.rack on test.rack.rack_id = test.server.serv_rack_id join test.center on test.center.cent_id = test.rack.rack_cent_id where test.measurement.msm_value between 90 and 100	0.020194	0	Histogram 	1000000
select * from test.measurement join test.server on test.measurement.msm_serv_id = test.server.serv_id join test.rack on test.rack.rack_id = test.server.serv_rack_id join test.center on test.center.cent_id = test.rack.rack_cent_id where test.measurement.msm_value between 90 and 100	0.020275	0	Histogram 	1000000
select * from test.measurement join test.server on test.measurement.msm_serv_id = test.server.serv_id join test.rack on test.rack.rack_id = test.server.serv_rack_id join test.center on test.center.cent_id = test.rack.rack_cent_id where test.measurement.msm_value between 90 and 100	0.021610	0	Histogram 	1000000
select * from test.measurement join test.server on test.measurement.msm_serv_id = test.server.serv_id join test.rack on test.rack.rack_id = test.server.serv_rack_id join test.center on test.center.cent_id = test.rack.rack_cent_id where test.measurement.msm_value between 90 and 100	0.020587	0	Histogram 	1000000
select * from test.measurement join test.server on test.measurement.msm_serv_id = test.server.serv_id join test.rack on test.rack.rack_id = test.server.serv_rack_id join test.center on test.center.cent_id = test.rack.rack_cent_id where test.measurement.msm_value between 90 and 100	0.020384	0	Histogram 	1000000
select * from test.measurement join test.server on test.measurement.msm_serv_id = test.server.serv_id join test.rack on test.rack.rack_id = test.server.serv_rack_id join test.center on test.center.cent_id = test.rack.rack_cent_id where test.measurement.msm_value between 90 and 100	0.020237	0	Histogram 	1000000
select * from test.measurement join test.server on test.measurement.msm_serv_id = test.server.serv_id join test.rack on test.rack.rack_id = test.server.serv_rack_id join test.center on test.center.cent_id = test.rack.rack_cent_id where test.measurement.msm_value between 90 and 100	0.020108	0	Histogram 	1000000
select * from test.measurement join test.server on test.measurement.msm_serv_id = test.server.serv_id join test.rack on test.rack.rack_id = test.server.serv_rack_id join test.center on test.center.cent_id = test.rack.rack_cent_id where test.measurement.msm_value between 90 and 100	0.022700	0	Histogram 	1000000
